Name,Role
Rodrigo,Programmer
Arturo,Programmer
Sergio,Programmer
Luis,Programmer
Daniel,Programmer
Víctor,Programmer
Julia,Programmer
Alejandro,Programmer
Roberto,Programmer
Andrea,Programmer
Paula,Programmer
Isabel,Programmer
Cristina,Programmer
Alicia,Programmer
Juan,Programmer
Lucía,Programmer
Álvaro,Programmer
Mar,Programmer
Alberto,Programmer
Rocío,Programmer
Employee1,Programmer
Employee2,Programmer
Employee3,Programmer
Employee4,Programmer
Employee5,Programmer
Employee6,Programmer
Employee7,Programmer
Employee8,Programmer
Employee9,Programmer
Employee10,Programmer
Employee11,Programmer
Employee12,Programmer
Employee13,Programmer
Employee14,Programmer
Employee15,Programmer
Employee16,Programmer
Employee17,Programmer
Employee18,Programmer
Employee19,Programmer
Employee20,Programmer
